RESPODENT ID;DATE;START TIME;END TIME;AREA;COMPANION;WEATHER;GENDER;SMOKING AT THE MOMENT;BRAND;AGREED TO SHARE;QUANTITY
1;15.07.2026;19:00;22:00;Gldani;Friend;Sunny;Male;No;Camel;Yes;1 
2;15.07.2026;19:00;22:00;Gldani;Friend;Sunny;Male;Yes;VIP;Yes;1
3;15.07.2026;19:00;22:00;Gldani;Friend;Sunny;Male;No;UNKNOWN;No;0
4;15.07.2026;19:00;22:00;Gldani;Friend;Sunny;Male;Yes;Camel;Yes;1
5;15.07.2026;19:00;22:00;Gldani;Friend;Sunny;Male;Yes;UNKNOWN;No;0
6;15.07.2026;19:00;22:00;Gldani;Friend;Sunny;Male;Yes;Winston;Yes;2
7;15.07.2026;19:00;22:00;Gldani;Friend;Sunny;Male;No;Pirveli;Yes;1
8;15.07.2026;19:00;22:00;Gldani;Friend;Sunny;Male;No;Camel;Yes;1
9;15.07.2026;19:00;22:00;Gldani;Friend;Sunny;Male;No;Parlament;Yes;1
10;15.07.2026;19:00;22:00;Gldani;Friend;Sunny;Male;No;Pirveli;Yes;1
11;15.07.2026;19:00;22:00;Gldani;Friend;Sunny;Male;No;Camel;Yes;1
12;15.07.2026;19:00;22:00;Gldani;Friend;Sunny;Male;No;UNKNOWN;No;0
13;15.07.2026;19:00;22:00;Gldani;Friend;Sunny;Male;No;Marlboro;Yes;1
14;15.07.2026;19:00;22:00;Gldani;Friend;Sunny;Male;No;UNKNOWN;No;0
15;15.07.2026;19:00;22:00;Gldani;Friend;Sunny;Male;Yes;Parlament;Yes;1
16;15.07.2026;19:00;22:00;Sarajishvili;Friend;Sunny;Male;Yes;Parlament;Yes;2
17;15.07.2026;19:00;22:00;Sarajishvili;Friend;Sunny;Male;Yes;tobaco;Yes;1
18;15.07.2026;19:00;22:00;Sarajishvili;Friend;Sunny;Male;Yes;UNKNOWN;No;0
19;15.07.2026;19:00;22:00;Sarajishvili;Friend;Sunny;Male;No;Camel;Yes;1
20;15.07.2026;19:00;22:00;Sarajishvili;Friend;Sunny;Male;No;UNKNOWN;No;0
21;15.07.2026;19:00;22:00;Guramishvili;Friend;Sunny;Male;Yes;UNKNOWN;No;0
22;15.07.2026;19:00;22:00;Guramishvili;Friend;Sunny;Male;Yes;Parlament;Yes;2
23;15.07.2026;19:00;22:00;Guramishvili;Friend;Sunny;Male;Yes;UNKNOWN;No;0
24;15.07.2026;19:00;22:00;Guramishvili;Friend;Sunny;Male;Yes;Parlament;Yes;2
25;15.07.2026;19:00;22:00;Guramishvili;Friend;Sunny;Male;Yes;Pirveli;Yes;1
26;15.07.2026;19:00;22:00;Guramishvili;Friend;Sunny;Male;No;UNKNOWN;No;0
27;15.07.2026;19:00;22:00;Grmagele;Friend;Sunny;Male;Yes;Parlament;Yes;1
28;15.07.2026;19:00;22:00;Grmagele;Friend;Sunny;Male;No;Parlament;Yes;1
29;15.07.2026;19:00;22:00;Grmagele;Friend;Sunny;Male;No;Parlament;Yes;1
30;15.07.2026;19:00;22:00;Grmagele;Friend;Sunny;Male;No;UNKNOWN;No;0
31;15.07.2026;19:00;22:00;Grmagele;Friend;Sunny;Male;Yes;tobaco;Yes;2
32;15.07.2026;19:00;22:00;Grmagele;Friend;Sunny;Male;No;Parlament;Yes;1
33;15.07.2026;19:00;22:00;Grmagele;Friend;Sunny;Male;Yes;Parlament;Yes;1
34;15.07.2026;19:00;22:00;Grmagele;Friend;Sunny;Male;Yes;UNKNOWN;No;0
35;15.07.2026;19:00;22:00;Nadzaladevi;Friend;Sunny;Male;Yes;Winston;Yes;1
36;15.07.2026;19:00;22:00;Nadzaladevi;Friend;Sunny;Male;No;UNKNOWN;No;0
37;15.07.2026;19:00;22:00;Nadzaladevi;Friend;Sunny;Male;No;Parlament;Yes;2
38;15.07.2026;19:00;22:00;Nadzaladevi;Friend;Sunny;Male;No;UNKNOWN;No;0
39;15.07.2026;19:00;22:00;Nadzaladevi;Friend;Sunny;Male;Yes;masisvitak;Yes;1
40;15.07.2026;19:00;22:00;Nadzaladevi;Friend;Sunny;Male;No;UNKNOWN;No;0
41;15.07.2026;19:00;22:00;Nadzaladevi;Friend;Sunny;Male;No;Parlament;Yes;1
42;15.07.2026;19:00;22:00;Nadzaladevi;Friend;Sunny;Male;No;Marlboro;Yes;1
43;15.07.2026;19:00;22:00;Nadzaladevi;Friend;Sunny;Male;Yes;Winston;Yes;1
44;15.07.2026;19:00;22:00;Nadzaladevi;Friend;Sunny;Male;No;Camel;Yes;1
45;15.07.2026;19:00;22:00;Nadzaladevi;Friend;Sunny;Male;Yes;Pirveli;Yes;1
46;15.07.2026;19:00;22:00;Nadzaladevi;Friend;Sunny;Male;Yes;Winston;Yes;1
47;15.07.2026;19:00;22:00;Nadzaladevi;Friend;Sunny;Male;No;Pirveli;Yes;1
48;15.07.2026;19:00;22:00;Nadzaladevi;Friend;Sunny;Male;No;UNKNOWN;No;0
49;15.07.2026;19:00;22:00;Nadzaladevi;Friend;Sunny;Male;Yes;UNKNOWN;No;0
50;15.07.2026;19:00;22:00;Gldani;Friend;Sunny;Male;Yes;Manchester;Yes;1
51;16.07.2026;19:00;22:00;Gldani;Friend;Sunny;Male;No;Parlament;Yes;1
52;16.07.2026;19:00;22:00;Gldani;Friend;Sunny;Male;Yes;Camel;Yes;1
53;16.07.2026;19:00;22:00;Gldani;Friend;Sunny;Male;No;UNKNOWN;No;0
54;16.07.2026;19:00;22:00;Gldani;Friend;Sunny;Male;No;Winston;Yes;1
55;16.07.2026;19:00;22:00;Gldani;Friend;Sunny;Male;No;UNKNOWN;No;0
56;16.07.2026;19:00;22:00;Gldani;Friend;Sunny;Male;Yes;UNKNOWN;No;0
57;16.07.2026;19:00;22:00;Gldani;Friend;Sunny;Male;No;UNKNOWN;No;0
58;16.07.2026;19:00;22:00;Gldani;Friend;Sunny;Male;No;Marlboro;Yes;1
59;16.07.2026;19:00;22:00;Gldani;Friend;Sunny;Male;No;LM;Yes;1
60;16.07.2026;19:00;22:00;Gldani;Friend;Sunny;Male;No;Marlboro;Yes;1
61;16.07.2026;19:00;22:00;Gldani;Friend;Sunny;Male;Yes;UNKNOWN;No;0
62;16.07.2026;19:00;22:00;Gldani;Friend;Sunny;Male;Yes;tobaco;Yes;1
63;16.07.2026;19:00;22:00;Sarajishvili;Friend;Sunny;Male;No;Davidoff;Yes;1
64;16.07.2026;19:00;22:00;Sarajishvili;Friend;Sunny;Male;Yes;UNKNOWN;No;0
65;16.07.2026;19:00;22:00;Sarajishvili;Friend;Sunny;Male;Yes;Camel;Yes;1
66;16.07.2026;19:00;22:00;Sarajishvili;Friend;Sunny;Male;Yes;UNKNOWN;No;0
67;16.07.2026;19:00;22:00;Sarajishvili;Friend;Sunny;Male;No;UNKNOWN;No;0
68;16.07.2026;19:00;22:00;Sarajishvili;Friend;Sunny;Male;Yes;UNKNOWN;No;0
69;16.07.2026;19:00;22:00;Sarajishvili;Friend;Sunny;Male;No;UNKNOWN;No;0
70;16.07.2026;19:00;22:00;Guramishvili;Friend;Sunny;Male;No;Camel;Yes;1
71;16.07.2026;19:00;22:00;Guramishvili;Friend;Sunny;Male;Yes;Parlament;Yes;2
72;16.07.2026;19:00;22:00;Guramishvili;Friend;Sunny;Male;Yes;Winston;Yes;1
73;16.07.2026;19:00;22:00;Guramishvili;Friend;Sunny;Male;No;Parlament;Yes;1
74;16.07.2026;19:00;22:00;Guramishvili;Friend;Sunny;Male;No;UNKNOWN;No;0
75;16.07.2026;19:00;22:00;Guramishvili;Friend;Sunny;Male;No;Parlament;Yes;1
76;16.07.2026;19:00;22:00;Guramishvili;Friend;Sunny;Male;Yes;UNKNOWN;No;0
77;16.07.2026;19:00;22:00;Guramishvili;Friend;Sunny;Male;No;UNKNOWN;No;0
78;16.07.2026;19:00;22:00;Grmagele;Friend;Sunny;Male;No;Gauloises;Yes;2
79;16.07.2026;19:00;22:00;Grmagele;Friend;Sunny;Male;No;UNKNOWN;No;0
80;16.07.2026;19:00;22:00;Grmagele;Friend;Sunny;Male;Yes;Parlament;Yes;1
81;16.07.2026;19:00;22:00;Grmagele;Friend;Sunny;Male;No;UNKNOWN;No;0
82;16.07.2026;19:00;22:00;Grmagele;Friend;Sunny;Male;Yes;UNKNOWN;No;0
83;16.07.2026;19:00;22:00;Grmagele;Friend;Sunny;Male;No;UNKNOWN;No;0
84;16.07.2026;19:00;22:00;Grmagele;Friend;Sunny;Male;Yes;Parlament;Yes;2
85;16.07.2026;19:00;22:00;Grmagele;Friend;Sunny;Male;Yes;Parlament;Yes;1
86;16.07.2026;19:00;22:00;Grmagele;Friend;Sunny;Male;Yes;Parlament;Yes;2
87;16.07.2026;19:00;22:00;Grmagele;Friend;Sunny;Male;Yes;Camel;Yes;1
88;16.07.2026;19:00;22:00;Grmagele;Friend;Sunny;Male;No;Marlboro;Yes;1
89;16.07.2026;19:00;22:00;Grmagele;Friend;Sunny;Male;Yes;UNKNOWN;No;0
90;16.07.2026;19:00;22:00;Grmagele;Friend;Sunny;Male;Yes;Parlament;Yes;1
91;16.07.2026;19:00;22:00;Nadzaladevi;Friend;Sunny;Male;No;Sobranie;Yes;1
92;16.07.2026;19:00;22:00;Nadzaladevi;Friend;Sunny;Male;No;UNKNOWN;No;0
93;16.07.2026;19:00;22:00;Nadzaladevi;Friend;Sunny;Male;No;UNKNOWN;No;0
94;16.07.2026;19:00;22:00;Nadzaladevi;Friend;Sunny;Male;No;Parlament;Yes;1
95;16.07.2026;19:00;22:00;Nadzaladevi;Friend;Sunny;Male;No;UNKNOWN;No;0
96;16.07.2026;19:00;22:00;Nadzaladevi;Friend;Sunny;Male;No;masisvitak;Yes;1
97;16.07.2026;19:00;22:00;Nadzaladevi;Friend;Sunny;Male;Yes;Winston;Yes;1
98;16.07.2026;19:00;22:00;Nadzaladevi;Friend;Sunny;Male;Yes;Parlament;Yes;2
99;16.07.2026;19:00;22:00;Nadzaladevi;Friend;Sunny;Male;No;Parlament;Yes;2
100;16.07.2026;19:00;22:00;Gldani;Friend;Sunny;Male;No;UNKNOWN;No;0
101;17.07.2026;19:00;22:00;Gldani;Friend;Sunny;Male;No;Camel;Yes;1
102;17.07.2026;19:00;22:00;Gldani;Friend;Sunny;Male;Yes;Parlament;Yes;1
103;17.07.2026;19:00;22:00;Gldani;Friend;Sunny;Male;No;Marlboro;Yes;2
104;17.07.2026;19:00;22:00;Gldani;Friend;Sunny;Male;No;Sobranie;Yes;1
105;17.07.2026;19:00;22:00;Gldani;Friend;Sunny;Male;Yes;LM;Yes;1
106;17.07.2026;19:00;22:00;Gldani;Friend;Sunny;Male;Yes;Camel;Yes;1
107;17.07.2026;19:00;22:00;Gldani;Friend;Sunny;Male;Yes;Winston;Yes;1
108;17.07.2026;19:00;22:00;Gldani;Friend;Sunny;Male;Yes;Parlament;Yes;1
109;17.07.2026;19:00;22:00;Gldani;Friend;Sunny;Male;No;UNKNOWN;No;0
110;17.07.2026;19:00;22:00;Gldani;Friend;Sunny;Male;Yes;Camel;Yes;2
111;17.07.2026;19:00;22:00;Gldani;Friend;Sunny;Male;Yes;Parlament;Yes;2
112;17.07.2026;19:00;22:00;Sarajishvili;Friend;Sunny;Male;Yes;Camel;Yes;1
113;17.07.2026;19:00;22:00;Sarajishvili;Friend;Sunny;Male;Yes;UNKNOWN;No;0
114;17.07.2026;19:00;22:00;Sarajishvili;Friend;Sunny;Male;No;UNKNOWN;No;0
115;17.07.2026;19:00;22:00;Sarajishvili;Friend;Sunny;Male;No;Camel;Yes;1
116;17.07.2026;19:00;22:00;Guramishvili;Friend;Sunny;Male;No;UNKNOWN;No;0
117;17.07.2026;19:00;22:00;Guramishvili;Friend;Sunny;Male;Yes;Marlboro;Yes;1
118;17.07.2026;19:00;22:00;Guramishvili;Friend;Sunny;Male;Yes;Sobranie;Yes;1
119;17.07.2026;19:00;22:00;Guramishvili;Friend;Sunny;Male;Yes;LM;Yes;1
120;17.07.2026;19:00;22:00;Guramishvili;Friend;Sunny;Male;Yes;Winston;Yes;1
121;17.07.2026;19:00;22:00;Guramishvili;Friend;Sunny;Male;No;pall mall;Yes;1
122;17.07.2026;19:00;22:00;Guramishvili;Friend;Sunny;Male;Yes;Winston;Yes;1
123;17.07.2026;19:00;22:00;Guramishvili;Friend;Sunny;Male;Yes;Sobranie;Yes;1
124;17.07.2026;19:00;22:00;Guramishvili;Friend;Sunny;Male;No;Parlament;Yes;1
125;17.07.2026;19:00;22:00;Guramishvili;Friend;Sunny;Male;No;UNKNOWN;No;0
126;17.07.2026;19:00;22:00;Grmagele;Friend;Sunny;Male;Yes;Parlament;Yes;1
127;17.07.2026;19:00;22:00;Grmagele;Friend;Sunny;Male;Yes;Marlboro;Yes;1
128;17.07.2026;19:00;22:00;Grmagele;Friend;Sunny;Male;No;Camel;Yes;1
129;17.07.2026;19:00;22:00;Grmagele;Friend;Sunny;Male;No;UNKNOWN;No;0
130;17.07.2026;19:00;22:00;Grmagele;Friend;Sunny;Male;No;Parlament;Yes;1
131;17.07.2026;19:00;22:00;Grmagele;Friend;Sunny;Male;Yes;Parlament;Yes;1
132;17.07.2026;19:00;22:00;Grmagele;Friend;Sunny;Male;Yes;Camel;Yes;1
133;17.07.2026;19:00;22:00;Grmagele;Friend;Sunny;Male;Yes;UNKNOWN;No;0
134;17.07.2026;19:00;22:00;Grmagele;Friend;Sunny;Male;Yes;Winston;Yes;1
135;17.07.2026;19:00;22:00;Grmagele;Friend;Sunny;Male;No;UNKNOWN;No;0
136;17.07.2026;19:00;22:00;Grmagele;Friend;Sunny;Male;Yes;Camel;Yes;2
137;17.07.2026;19:00;22:00;Grmagele;Friend;Sunny;Male;Yes;Winston;Yes;1
138;17.07.2026;19:00;22:00;Grmagele;Friend;Sunny;Male;Yes;Pirveli;Yes;1
139;17.07.2026;19:00;22:00;Nadzaladevi;Friend;Sunny;Male;Yes;Sobranie;Yes;2
140;17.07.2026;19:00;22:00;Nadzaladevi;Friend;Sunny;Male;No;UNKNOWN;No;0
141;17.07.2026;19:00;22:00;Nadzaladevi;Friend;Sunny;Male;No;Camel;Yes;2
142;17.07.2026;19:00;22:00;Nadzaladevi;Friend;Sunny;Male;Yes;UNKNOWN;No;0
143;17.07.2026;19:00;22:00;Nadzaladevi;Friend;Sunny;Male;Yes;tobaco;Yes;1
144;17.07.2026;19:00;22:00;Nadzaladevi;Friend;Sunny;Male;No;UNKNOWN;No;0
145;17.07.2026;19:00;22:00;Nadzaladevi;Friend;Sunny;Male;No;UNKNOWN;No;0
146;17.07.2026;19:00;22:00;Nadzaladevi;Friend;Sunny;Male;Yes;Camel;Yes;1
147;17.07.2026;19:00;22:00;Nadzaladevi;Friend;Sunny;Male;Yes;Camel;Yes;1
148;17.07.2026;19:00;22:00;Nadzaladevi;Friend;Sunny;Male;No;UNKNOWN;No;0
149;17.07.2026;19:00;22:00;Nadzaladevi;Friend;Sunny;Male;No;UNKNOWN;No;0
150;17.07.2026;19:00;22:00;Nadzaladevi;Friend;Sunny;Male;No;UNKNOWN;No;0
151;19.07.2026;19:00;22:00;Gldani;Alone;Sunny;Male;No;UNKNOWN;No;0
152;19.07.2026;19:00;22:00;Gldani;Alone;Sunny;Male;Yes;UNKNOWN;No;0
153;19.07.2026;19:00;22:00;Gldani;Alone;Sunny;Male;Yes;UNKNOWN;No;0
154;19.07.2026;19:00;22:00;Gldani;Alone;Sunny;Male;No;UNKNOWN;No;0
155;19.07.2026;19:00;22:00;Gldani;Alone;Sunny;Male;Yes;Camel;Yes;1
156;19.07.2026;19:00;22:00;Gldani;Alone;Sunny;Male;No;UNKNOWN;No;0
157;19.07.2026;19:00;22:00;Gldani;Alone;Sunny;Male;Yes;UNKNOWN;No;0
158;19.07.2026;19:00;22:00;Gldani;Alone;Sunny;Male;Yes;Camel;Yes;1
159;19.07.2026;19:00;22:00;Gldani;Alone;Sunny;Male;No;masisvitak;Yes;1
160;19.07.2026;19:00;22:00;Gldani;Alone;Sunny;Male;Yes;UNKNOWN;No;0
161;19.07.2026;19:00;22:00;Gldani;Alone;Sunny;Male;Yes;Parlament;Yes;1
162;19.07.2026;19:00;22:00;Gldani;Alone;Sunny;Male;Yes;UNKNOWN;No;0
163;19.07.2026;19:00;22:00;Gldani;Alone;Sunny;Male;No;UNKNOWN;No;0
164;19.07.2026;19:00;22:00;Gldani;Alone;Sunny;Male;Yes;tobaco;Yes;1
165;19.07.2026;19:00;22:00;Sarajishvili;Alone;Sunny;Male;Yes;tobaco;Yes;1
166;19.07.2026;19:00;22:00;Sarajishvili;Alone;Sunny;Male;No;Pirveli;Yes;1
167;19.07.2026;19:00;22:00;Sarajishvili;Alone;Sunny;Male;Yes;Parlament;Yes;1
168;19.07.2026;19:00;22:00;Sarajishvili;Alone;Sunny;Male;Yes;Pirveli;Yes;1
169;19.07.2026;19:00;22:00;Sarajishvili;Alone;Sunny;Male;No;Winston;Yes;1
170;19.07.2026;19:00;22:00;Sarajishvili;Alone;Sunny;Male;No;UNKNOWN;No;0
171;19.07.2026;19:00;22:00;Guramishvili;Alone;Sunny;Male;Yes;Marlboro;Yes;1
172;19.07.2026;19:00;22:00;Guramishvili;Alone;Sunny;Male;Yes;LM;Yes;1
173;19.07.2026;19:00;22:00;Guramishvili;Alone;Sunny;Male;No;Sobranie;Yes;1
174;19.07.2026;19:00;22:00;Guramishvili;Alone;Sunny;Male;Yes;UNKNOWN;No;0
175;19.07.2026;19:00;22:00;Guramishvili;Alone;Sunny;Male;No;UNKNOWN;No;0
176;19.07.2026;19:00;22:00;Guramishvili;Alone;Sunny;Male;Yes;Parlament;Yes;1
177;19.07.2026;19:00;22:00;Grmagele;Alone;Sunny;Male;Yes;Parlament;Yes;1
178;19.07.2026;19:00;22:00;Grmagele;Alone;Sunny;Male;Yes;Parlament;Yes;1
179;19.07.2026;19:00;22:00;Grmagele;Alone;Sunny;Male;No;Marlboro;Yes;1
180;19.07.2026;19:00;22:00;Grmagele;Alone;Sunny;Male;No;Camel;Yes;2
181;19.07.2026;19:00;22:00;Grmagele;Alone;Sunny;Male;Yes;UNKNOWN;No;0
182;19.07.2026;19:00;22:00;Grmagele;Alone;Sunny;Male;Yes;UNKNOWN;No;0
183;19.07.2026;19:00;22:00;Grmagele;Alone;Sunny;Male;No;UNKNOWN;No;0
184;19.07.2026;19:00;22:00;Nadzaladevi;Alone;Sunny;Male;No;UNKNOWN;No;0
185;19.07.2026;19:00;22:00;Nadzaladevi;Alone;Sunny;Male;Yes;Parlament;Yes;1
186;19.07.2026;19:00;22:00;Nadzaladevi;Alone;Sunny;Male;No;UNKNOWN;No;0
187;19.07.2026;19:00;22:00;Nadzaladevi;Alone;Sunny;Male;Yes;Parlament;Yes;1
188;19.07.2026;19:00;22:00;Nadzaladevi;Alone;Sunny;Male;Yes;Marlboro;Yes;1
189;19.07.2026;19:00;22:00;Nadzaladevi;Alone;Sunny;Male;Yes;Camel;Yes;1
190;19.07.2026;19:00;22:00;Nadzaladevi;Alone;Sunny;Male;Yes;Parlament;Yes;1
191;19.07.2026;19:00;22:00;Nadzaladevi;Alone;Sunny;Male;Yes;Camel;Yes;1
192;19.07.2026;19:00;22:00;Nadzaladevi;Alone;Sunny;Male;No;LM;Yes;1
193;19.07.2026;19:00;22:00;Nadzaladevi;Alone;Sunny;Male;Yes;Camel;Yes;1
194;19.07.2026;19:00;22:00;Nadzaladevi;Alone;Sunny;Male;Yes;Parlament;Yes;1
195;19.07.2026;19:00;22:00;Nadzaladevi;Alone;Sunny;Male;Yes;Parlament;Yes;1
196;19.07.2026;19:00;22:00;Nadzaladevi;Alone;Sunny;Male;No;Pirveli;Yes;1
197;19.07.2026;19:00;22:00;Nadzaladevi;Alone;Sunny;Male;Yes;UNKNOWN;No;0
198;19.07.2026;19:00;22:00;Nadzaladevi;Alone;Sunny;Male;No;UNKNOWN;No;0
199;19.07.2026;19:00;22:00;Nadzaladevi;Alone;Sunny;Male;Yes;UNKNOWN;No;0
200;19.07.2026;19:00;22:00;Nadzaladevi;Alone;Sunny;Male;Yes;Parlament;Yes;1
201;20.07.2026;19:00;22:00;Gldani;Alone;Sunny;Male;Yes;Winston;Yes;1
202;20.07.2026;19:00;22:00;Gldani;Alone;Sunny;Male;Yes;Camel;Yes;1
203;20.07.2026;19:00;22:00;Gldani;Alone;Sunny;Male;No;pall mall;Yes;1
204;20.07.2026;19:00;22:00;Gldani;Alone;Sunny;Male;No;UNKNOWN;No;0
205;20.07.2026;19:00;22:00;Gldani;Alone;Sunny;Male;Yes;UNKNOWN;No;0
206;20.07.2026;19:00;22:00;Gldani;Alone;Sunny;Male;Yes;UNKNOWN;No;0
207;20.07.2026;19:00;22:00;Gldani;Alone;Sunny;Male;Yes;Sobranie;Yes;1
208;20.07.2026;19:00;22:00;Gldani;Alone;Sunny;Male;Yes;Pirveli;Yes;1
209;20.07.2026;19:00;22:00;Gldani;Alone;Sunny;Male;No;Parlament;Yes;1
210;20.07.2026;19:00;22:00;Gldani;Alone;Sunny;Male;Yes;Camel;Yes;1
211;20.07.2026;19:00;22:00;Gldani;Alone;Sunny;Male;Yes;UNKNOWN;No;0
212;20.07.2026;19:00;22:00;Sarajishvili;Alone;Sunny;Male;No;Winston;Yes;1
213;20.07.2026;19:00;22:00;Sarajishvili;Alone;Sunny;Male;Yes;Winston;Yes;1
214;20.07.2026;19:00;22:00;Sarajishvili;Alone;Sunny;Male;Yes;Winston;Yes;1
215;20.07.2026;19:00;22:00;Sarajishvili;Alone;Sunny;Male;Yes;UNKNOWN;No;0
216;20.07.2026;19:00;22:00;Sarajishvili;Alone;Sunny;Male;Yes;UNKNOWN;No;0
217;20.07.2026;19:00;22:00;Sarajishvili;Alone;Sunny;Male;No;Marlboro;Yes;1
218;20.07.2026;19:00;22:00;Sarajishvili;Alone;Sunny;Male;No;Winston;Yes;1
219;20.07.2026;19:00;22:00;Sarajishvili;Alone;Sunny;Male;Yes;Davidoff;Yes;1
220;20.07.2026;19:00;22:00;Guramishvili;Alone;Sunny;Male;Yes;UNKNOWN;No;0
221;20.07.2026;19:00;22:00;Guramishvili;Alone;Sunny;Male;Yes;Parlament;Yes;1
222;20.07.2026;19:00;22:00;Guramishvili;Alone;Sunny;Male;No;UNKNOWN;No;0
223;20.07.2026;19:00;22:00;Guramishvili;Alone;Sunny;Male;No;LM;Yes;1
224;20.07.2026;19:00;22:00;Guramishvili;Alone;Sunny;Male;Yes;UNKNOWN;No;0
225;20.07.2026;19:00;22:00;Guramishvili;Alone;Sunny;Male;Yes;UNKNOWN;No;0
226;20.07.2026;19:00;22:00;Guramishvili;Alone;Sunny;Male;No;Parlament;Yes;1
227;20.07.2026;19:00;22:00;Guramishvili;Alone;Sunny;Male;Yes;tobaco;Yes;1
228;20.07.2026;19:00;22:00;Guramishvili;Alone;Sunny;Male;No;UNKNOWN;No;0
229;20.07.2026;19:00;22:00;Grmagele;Alone;Sunny;Male;Yes;Sobranie;Yes;1
230;20.07.2026;19:00;22:00;Grmagele;Alone;Sunny;Male;Yes;Marlboro;Yes;1
231;20.07.2026;19:00;22:00;Grmagele;Alone;Sunny;Male;Yes;Gauloises;Yes;1
232;20.07.2026;19:00;22:00;Grmagele;Alone;Sunny;Male;No;Parlament;Yes;1
233;20.07.2026;19:00;22:00;Grmagele;Alone;Sunny;Male;Yes;Camel;Yes;1
234;20.07.2026;19:00;22:00;Grmagele;Alone;Sunny;Male;No;UNKNOWN;No;0
235;20.07.2026;19:00;22:00;Grmagele;Alone;Sunny;Male;No;Camel;Yes;1
236;20.07.2026;19:00;22:00;Grmagele;Alone;Sunny;Male;Yes;UNKNOWN;No;0
237;20.07.2026;19:00;22:00;Grmagele;Alone;Sunny;Male;Yes;Parlament;Yes;1
238;20.07.2026;19:00;22:00;Grmagele;Alone;Sunny;Male;No;UNKNOWN;No;0
239;20.07.2026;19:00;22:00;Grmagele;Alone;Sunny;Male;No;UNKNOWN;No;0
240;20.07.2026;19:00;22:00;Grmagele;Alone;Sunny;Male;Yes;UNKNOWN;No;0
241;20.07.2026;19:00;22:00;Grmagele;Alone;Sunny;Male;No;Parlament;Yes;1
242;20.07.2026;19:00;22:00;Nadzaladevi;Alone;Sunny;Male;No;UNKNOWN;No;0
243;20.07.2026;19:00;22:00;Nadzaladevi;Alone;Sunny;Male;Yes;Winston;Yes;1
244;20.07.2026;19:00;22:00;Nadzaladevi;Alone;Sunny;Male;Yes;VIP;Yes;1
245;20.07.2026;19:00;22:00;Nadzaladevi;Alone;Sunny;Male;No;Winston;Yes;1
246;20.07.2026;19:00;22:00;Nadzaladevi;Alone;Sunny;Male;No;UNKNOWN;No;0
247;20.07.2026;19:00;22:00;Nadzaladevi;Alone;Sunny;Male;No;masisvitak;Yes;1
248;20.07.2026;19:00;22:00;Nadzaladevi;Alone;Sunny;Male;Yes;Manchester;Yes;1
249;20.07.2026;19:00;22:00;Nadzaladevi;Alone;Sunny;Male;Yes;UNKNOWN;No;0
250;20.07.2026;19:00;22:00;Nadzaladevi;Alone;Sunny;Male;No;UNKNOWN;No;0
251;22.07.2026;19:00;22:00;Gldani;Alone;Sunny;Male;No;Parlament;Yes;1
252;22.07.2026;19:00;22:00;Gldani;Alone;Sunny;Male;Yes;Pirveli;Yes;1
253;22.07.2026;19:00;22:00;Gldani;Alone;Sunny;Male;No;UNKNOWN;No;0
254;22.07.2026;19:00;22:00;Gldani;Alone;Sunny;Male;No;Parlament;Yes;1
255;22.07.2026;19:00;22:00;Gldani;Alone;Sunny;Male;Yes;Parlament;Yes;1
256;22.07.2026;19:00;22:00;Gldani;Alone;Sunny;Male;Yes;Camel;Yes;1
257;22.07.2026;19:00;22:00;Gldani;Alone;Sunny;Male;Yes;UNKNOWN;No;0
258;22.07.2026;19:00;22:00;Gldani;Alone;Sunny;Male;Yes;Camel;Yes;1
259;22.07.2026;19:00;22:00;Gldani;Alone;Sunny;Male;Yes;Marlboro;Yes;1
260;22.07.2026;19:00;22:00;Gldani;Alone;Sunny;Male;Yes;Parlament;Yes;1
261;22.07.2026;19:00;22:00;Gldani;Alone;Sunny;Male;Yes;Parlament;Yes;1
262;22.07.2026;19:00;22:00;Gldani;Alone;Sunny;Male;Yes;Sobranie;Yes;1
263;22.07.2026;19:00;22:00;Gldani;Alone;Sunny;Male;Yes;Winston;Yes;1
264;22.07.2026;19:00;22:00;Sarajishvili;Alone;Sunny;Male;Yes;UNKNOWN;No;0
265;22.07.2026;19:00;22:00;Sarajishvili;Alone;Sunny;Male;Yes;UNKNOWN;No;0
266;22.07.2026;19:00;22:00;Sarajishvili;Alone;Sunny;Male;Yes;UNKNOWN;No;0
267;22.07.2026;19:00;22:00;Sarajishvili;Alone;Sunny;Male;No;Parlament;Yes;1
268;22.07.2026;19:00;22:00;Sarajishvili;Alone;Sunny;Male;Yes;Camel;Yes;1
269;22.07.2026;19:00;22:00;Sarajishvili;Alone;Sunny;Male;Yes;Marlboro;Yes;1
270;22.07.2026;19:00;22:00;Guramishvili;Alone;Sunny;Male;Yes;Parlament;Yes;1
271;22.07.2026;19:00;22:00;Guramishvili;Alone;Sunny;Male;Yes;Camel;Yes;1
272;22.07.2026;19:00;22:00;Guramishvili;Alone;Sunny;Male;Yes;UNKNOWN;No;0
273;22.07.2026;19:00;22:00;Guramishvili;Alone;Sunny;Male;Yes;Parlament;Yes;1
274;22.07.2026;19:00;22:00;Guramishvili;Alone;Sunny;Male;No;Camel;Yes;1
275;22.07.2026;19:00;22:00;Guramishvili;Alone;Sunny;Male;Yes;UNKNOWN;No;0
276;22.07.2026;19:00;22:00;Grmagele;Alone;Sunny;Male;No;Camel;Yes;1
277;22.07.2026;19:00;22:00;Grmagele;Alone;Sunny;Male;No;UNKNOWN;No;0
278;22.07.2026;19:00;22:00;Grmagele;Alone;Sunny;Male;Yes;Parlament;Yes;1
279;22.07.2026;19:00;22:00;Grmagele;Alone;Sunny;Male;Yes;Parlament;Yes;1
280;22.07.2026;19:00;22:00;Grmagele;Alone;Sunny;Male;Yes;UNKNOWN;No;0
281;22.07.2026;19:00;22:00;Grmagele;Alone;Sunny;Male;Yes;tobaco;Yes;1
282;22.07.2026;19:00;22:00;Grmagele;Alone;Sunny;Male;Yes;UNKNOWN;No;0
283;22.07.2026;19:00;22:00;Grmagele;Alone;Sunny;Male;Yes;Parlament;Yes;1
284;22.07.2026;19:00;22:00;Nadzaladevi;Alone;Sunny;Male;No;Camel;Yes;1
285;22.07.2026;19:00;22:00;Nadzaladevi;Alone;Sunny;Male;Yes;UNKNOWN;No;0
286;22.07.2026;19:00;22:00;Nadzaladevi;Alone;Sunny;Male;Yes;Parlament;Yes;1
287;22.07.2026;19:00;22:00;Nadzaladevi;Alone;Sunny;Male;Yes;UNKNOWN;No;0
288;22.07.2026;19:00;22:00;Nadzaladevi;Alone;Sunny;Male;Yes;Kent;Yes;1
289;22.07.2026;19:00;22:00;Nadzaladevi;Alone;Sunny;Male;Yes;Sobranie;Yes;1
290;22.07.2026;19:00;22:00;Nadzaladevi;Alone;Sunny;Male;Yes;UNKNOWN;No;0
291;22.07.2026;19:00;22:00;Nadzaladevi;Alone;Sunny;Male;Yes;UNKNOWN;No;0
292;22.07.2026;19:00;22:00;Nadzaladevi;Alone;Sunny;Male;Yes;UNKNOWN;No;0
293;22.07.2026;19:00;22:00;Nadzaladevi;Alone;Sunny;Male;No;UNKNOWN;No;0
294;22.07.2026;19:00;22:00;Nadzaladevi;Alone;Sunny;Male;Yes;Camel;Yes;1
295;22.07.2026;19:00;22:00;Nadzaladevi;Alone;Sunny;Male;Yes;Parlament;Yes;1
296;22.07.2026;19:00;22:00;Nadzaladevi;Alone;Sunny;Male;Yes;Winston;Yes;1
297;22.07.2026;19:00;22:00;Nadzaladevi;Alone;Sunny;Male;No;Camel;Yes;1
298;22.07.2026;19:00;22:00;Nadzaladevi;Alone;Sunny;Male;Yes;Winston;Yes;1
299;22.07.2026;19:00;22:00;Nadzaladevi;Alone;Sunny;Male;Yes;Pirveli;Yes;1
300;22.07.2026;19:00;22:00;Nadzaladevi;Alone;Sunny;Male;No;Winston;Yes;1
301;24.07.2026;18:00;21:00;Gldani;Girl;Sunny;Male;Yes;Parlament;Yes;1
302;24.07.2026;18:00;21:00;Gldani;Girl;Sunny;Male;Yes;Camel;Yes;1
303;24.07.2026;18:00;21:00;Gldani;Girl;Sunny;Male;No;masisvitak;Yes;1
304;24.07.2026;18:00;21:00;Gldani;Girl;Sunny;Male;Yes;UNKNOWN;No;0
305;24.07.2026;18:00;21:00;Gldani;Girl;Sunny;Male;Yes;Parlament;Yes;1
306;24.07.2026;18:00;21:00;Gldani;Girl;Sunny;Male;Yes;LM;Yes;2
307;24.07.2026;18:00;21:00;Gldani;Girl;Sunny;Male;Yes;Camel;Yes;2
308;24.07.2026;18:00;21:00;Gldani;Girl;Sunny;Male;No;Camel;Yes;1
309;24.07.2026;18:00;21:00;Gldani;Girl;Sunny;Male;Yes;UNKNOWN;No;0
310;24.07.2026;18:00;21:00;Gldani;Girl;Sunny;Male;Yes;Parlament;Yes;1
311;24.07.2026;18:00;21:00;Gldani;Girl;Sunny;Male;Yes;Parlament;Yes;1
312;24.07.2026;18:00;21:00;Gldani;Girl;Sunny;Male;No;Camel;Yes;1
313;24.07.2026;18:00;21:00;Gldani;Girl;Sunny;Male;Yes;Marlboro;Yes;1
314;24.07.2026;18:00;21:00;Sarajishvili;Girl;Sunny;Male;Yes;UNKNOWN;No;0
315;24.07.2026;18:00;21:00;Sarajishvili;Girl;Sunny;Male;Yes;UNKNOWN;No;0
316;24.07.2026;18:00;21:00;Sarajishvili;Girl;Sunny;Male;No;UNKNOWN;No;0
317;24.07.2026;18:00;21:00;Sarajishvili;Girl;Sunny;Male;No;pall mall;Yes;1
318;24.07.2026;18:00;21:00;Sarajishvili;Girl;Sunny;Male;No;Sobranie;Yes;1
319;24.07.2026;18:00;21:00;Guramishvili;Girl;Sunny;Male;Yes;UNKNOWN;No;0
320;24.07.2026;18:00;21:00;Guramishvili;Girl;Sunny;Male;Yes;tobaco;Yes;1
321;24.07.2026;18:00;21:00;Guramishvili;Girl;Sunny;Male;No;Parlament;Yes;1
322;24.07.2026;18:00;21:00;Guramishvili;Girl;Sunny;Male;No;Camel;Yes;2
323;24.07.2026;18:00;21:00;Guramishvili;Girl;Sunny;Male;Yes;Winston;Yes;2
324;24.07.2026;18:00;21:00;Grmagele;Girl;Sunny;Male;Yes;Parlament;Yes;1
325;24.07.2026;18:00;21:00;Grmagele;Girl;Sunny;Male;No;masisvitak;Yes;1
326;24.07.2026;18:00;21:00;Grmagele;Girl;Sunny;Male;Yes;UNKNOWN;No;0
327;24.07.2026;18:00;21:00;Grmagele;Girl;Sunny;Male;No;Parlament;Yes;1
328;24.07.2026;18:00;21:00;Grmagele;Girl;Sunny;Male;No;Camel;Yes;1
329;24.07.2026;18:00;21:00;Grmagele;Girl;Sunny;Male;Yes;Winston;Yes;1
330;24.07.2026;18:00;21:00;Grmagele;Girl;Sunny;Male;No;Sobranie;Yes;1
331;24.07.2026;18:00;21:00;Grmagele;Girl;Sunny;Male;No;Manchester;Yes;1
332;24.07.2026;18:00;21:00;Grmagele;Girl;Sunny;Male;No;Parlament;Yes;1
333;24.07.2026;18:00;21:00;Grmagele;Girl;Sunny;Male;Yes;Kent;Yes;1
334;24.07.2026;18:00;21:00;Grmagele;Girl;Sunny;Male;No;UNKNOWN;No;0
335;24.07.2026;18:00;21:00;Grmagele;Girl;Sunny;Male;Yes;Camel;Yes;1
336;24.07.2026;18:00;21:00;Grmagele;Girl;Sunny;Male;Yes;Parlament;Yes;1
337;24.07.2026;18:00;21:00;Nadzaladevi;Girl;Sunny;Male;No;Camel;Yes;2
338;24.07.2026;18:00;21:00;Nadzaladevi;Girl;Sunny;Male;Yes;Camel;Yes;1
339;24.07.2026;18:00;21:00;Nadzaladevi;Girl;Sunny;Male;Yes;Parlament;Yes;1
340;24.07.2026;18:00;21:00;Nadzaladevi;Girl;Sunny;Male;No;Parlament;Yes;1
341;24.07.2026;18:00;21:00;Nadzaladevi;Girl;Sunny;Male;Yes;Marlboro;Yes;1
342;24.07.2026;18:00;21:00;Nadzaladevi;Girl;Sunny;Male;Yes;Camel;Yes;1
343;24.07.2026;18:00;21:00;Nadzaladevi;Girl;Sunny;Male;No;tobaco;Yes;1
344;24.07.2026;18:00;21:00;Nadzaladevi;Girl;Sunny;Male;Yes;Sobranie;Yes;1
345;24.07.2026;18:00;21:00;Nadzaladevi;Girl;Sunny;Male;Yes;UNKNOWN;No;0
346;24.07.2026;18:00;21:00;Nadzaladevi;Girl;Sunny;Male;Yes;Sobranie;Yes;1
347;24.07.2026;18:00;21:00;Nadzaladevi;Girl;Sunny;Male;No;UNKNOWN;No;0
348;24.07.2026;18:00;21:00;Nadzaladevi;Girl;Sunny;Male;Yes;UNKNOWN;No;0
349;24.07.2026;18:00;21:00;Nadzaladevi;Girl;Sunny;Male;No;UNKNOWN;No;0
350;24.07.2026;18:00;21:00;Nadzaladevi;Girl;Sunny;Male;No;Winston;Yes;2
351;27.07.2026;18:00;21:00;Gldani;Girl;Sunny;Male;Yes;Kent;Yes;1
352;27.07.2026;18:00;21:00;Gldani;Girl;Sunny;Male;Yes;Camel;Yes;1
353;27.07.2026;18:00;21:00;Gldani;Girl;Sunny;Male;No;UNKNOWN;No;0
354;27.07.2026;18:00;21:00;Gldani;Girl;Sunny;Male;Yes;Gauloises;Yes;1
355;27.07.2026;18:00;21:00;Gldani;Girl;Sunny;Male;Yes;Winston;Yes;1
356;27.07.2026;18:00;21:00;Gldani;Girl;Sunny;Male;Yes;VIP;Yes;1
357;27.07.2026;18:00;21:00;Gldani;Girl;Sunny;Male;Yes;UNKNOWN;No;0
358;27.07.2026;18:00;21:00;Gldani;Girl;Sunny;Male;No;Pirveli;Yes;1
359;27.07.2026;18:00;21:00;Gldani;Girl;Sunny;Male;No;UNKNOWN;No;0
360;27.07.2026;18:00;21:00;Gldani;Girl;Sunny;Male;Yes;Pirveli;Yes;1
361;27.07.2026;18:00;21:00;Gldani;Girl;Sunny;Male;Yes;Parlament;Yes;1
362;27.07.2026;18:00;21:00;Gldani;Girl;Sunny;Male;Yes;Camel;Yes;2
363;27.07.2026;18:00;21:00;Gldani;Girl;Sunny;Male;No;Parlament;Yes;1
364;27.07.2026;18:00;21:00;Sarajishvili;Girl;Sunny;Male;Yes;Winston;Yes;1
365;27.07.2026;18:00;21:00;Sarajishvili;Girl;Sunny;Male;Yes;Marlboro;Yes;1
366;27.07.2026;18:00;21:00;Sarajishvili;Girl;Sunny;Male;No;Davidoff;Yes;1
367;27.07.2026;18:00;21:00;Sarajishvili;Girl;Sunny;Male;No;Winston;Yes;1
368;27.07.2026;18:00;21:00;Guramishvili;Girl;Sunny;Male;Yes;Winston;Yes;1
369;27.07.2026;18:00;21:00;Guramishvili;Girl;Sunny;Male;No;Parlament;Yes;1
370;27.07.2026;18:00;21:00;Guramishvili;Girl;Sunny;Male;No;Parlament;Yes;1
371;27.07.2026;18:00;21:00;Guramishvili;Girl;Sunny;Male;Yes;Parlament;Yes;1
372;27.07.2026;18:00;21:00;Guramishvili;Girl;Sunny;Male;No;Marlboro;Yes;2
373;27.07.2026;18:00;21:00;Guramishvili;Girl;Sunny;Male;No;UNKNOWN;No;0
374;27.07.2026;18:00;21:00;Guramishvili;Girl;Sunny;Male;No;UNKNOWN;No;0
375;27.07.2026;18:00;21:00;Grmagele;Girl;Sunny;Male;Yes;UNKNOWN;No;0
376;27.07.2026;18:00;21:00;Grmagele;Girl;Sunny;Male;Yes;tobaco;Yes;2
377;27.07.2026;18:00;21:00;Grmagele;Girl;Sunny;Male;Yes;UNKNOWN;No;0
378;27.07.2026;18:00;21:00;Grmagele;Girl;Sunny;Male;No;UNKNOWN;No;0
379;27.07.2026;18:00;21:00;Grmagele;Girl;Sunny;Male;Yes;Camel;Yes;1
380;27.07.2026;18:00;21:00;Grmagele;Girl;Sunny;Male;Yes;UNKNOWN;No;0
381;27.07.2026;18:00;21:00;Grmagele;Girl;Sunny;Male;No;UNKNOWN;No;0
382;27.07.2026;18:00;21:00;Grmagele;Girl;Sunny;Male;No;UNKNOWN;No;0
383;27.07.2026;18:00;21:00;Grmagele;Girl;Sunny;Male;No;Parlament;Yes;1
384;27.07.2026;18:00;21:00;Grmagele;Girl;Sunny;Male;No;UNKNOWN;No;0
385;27.07.2026;18:00;21:00;Grmagele;Girl;Sunny;Male;No;Camel;Yes;1
386;27.07.2026;18:00;21:00;Grmagele;Girl;Sunny;Male;No;UNKNOWN;No;0
387;27.07.2026;18:00;21:00;Nadzaladevi;Girl;Sunny;Male;Yes;Parlament;Yes;2
388;27.07.2026;18:00;21:00;Nadzaladevi;Girl;Sunny;Male;No;Marlboro;Yes;1
389;27.07.2026;18:00;21:00;Nadzaladevi;Girl;Sunny;Male;No;Camel;Yes;1
390;27.07.2026;18:00;21:00;Nadzaladevi;Girl;Sunny;Male;Yes;Parlament;Yes;2
391;27.07.2026;18:00;21:00;Nadzaladevi;Girl;Sunny;Male;No;Sobranie;Yes;1
392;27.07.2026;18:00;21:00;Nadzaladevi;Girl;Sunny;Male;Yes;LM;Yes;1
393;27.07.2026;18:00;21:00;Nadzaladevi;Girl;Sunny;Male;No;UNKNOWN;No;0
394;27.07.2026;18:00;21:00;Nadzaladevi;Girl;Sunny;Male;No;UNKNOWN;No;0
395;27.07.2026;18:00;21:00;Nadzaladevi;Girl;Sunny;Male;No;UNKNOWN;No;0
396;27.07.2026;18:00;21:00;Nadzaladevi;Girl;Sunny;Male;Yes;Parlament;Yes;1
397;27.07.2026;18:00;21:00;Nadzaladevi;Girl;Sunny;Male;Yes;UNKNOWN;No;0
398;27.07.2026;18:00;21:00;Nadzaladevi;Girl;Sunny;Male;Yes;Camel;Yes;1
399;27.07.2026;18:00;21:00;Nadzaladevi;Girl;Sunny;Male;Yes;Camel;Yes;1
400;27.07.2026;18:00;21:00;Nadzaladevi;Girl;Sunny;Male;Yes;Camel;Yes;1
401;29.07.2026;18:00;21:00;Gldani;Girl;Sunny;Male;Yes;UNKNOWN;No;0
402;29.07.2026;18:00;21:00;Gldani;Girl;Sunny;Male;Yes;Pirveli;Yes;2
403;29.07.2026;18:00;21:00;Gldani;Girl;Sunny;Male;Yes;Pirveli;Yes;1
404;29.07.2026;18:00;21:00;Gldani;Girl;Sunny;Male;Yes;Marlboro;Yes;1
405;29.07.2026;18:00;21:00;Gldani;Girl;Sunny;Male;Yes;Winston;Yes;1
406;29.07.2026;18:00;21:00;Gldani;Girl;Sunny;Male;Yes;UNKNOWN;No;0
407;29.07.2026;18:00;21:00;Gldani;Girl;Sunny;Male;Yes;UNKNOWN;No;0
408;29.07.2026;18:00;21:00;Gldani;Girl;Sunny;Male;Yes;Marlboro;Yes;1
409;29.07.2026;18:00;21:00;Gldani;Girl;Sunny;Male;Yes;UNKNOWN;No;0
410;29.07.2026;18:00;21:00;Gldani;Girl;Sunny;Male;Yes;Parlament;Yes;1
411;29.07.2026;18:00;21:00;Gldani;Girl;Sunny;Male;Yes;Parlament;Yes;1
412;29.07.2026;18:00;21:00;Gldani;Girl;Sunny;Male;Yes;Parlament;Yes;2
413;29.07.2026;18:00;21:00;Gldani;Girl;Sunny;Male;Yes;Winston;Yes;1
414;29.07.2026;18:00;21:00;Gldani;Girl;Sunny;Male;Yes;Kent;Yes;2
415;29.07.2026;18:00;21:00;Gldani;Girl;Sunny;Male;No;UNKNOWN;No;0
416;29.07.2026;18:00;21:00;Gldani;Girl;Sunny;Male;Yes;UNKNOWN;No;0
417;29.07.2026;18:00;21:00;Gldani;Girl;Sunny;Male;No;Winston;Yes;1
418;29.07.2026;18:00;21:00;Gldani;Girl;Sunny;Male;Yes;LM;Yes;1
419;29.07.2026;18:00;21:00;Sarajishvili;Girl;Sunny;Male;Yes;Winston;Yes;1
420;29.07.2026;18:00;21:00;Sarajishvili;Girl;Sunny;Male;No;Sobranie;Yes;1
421;29.07.2026;18:00;21:00;Sarajishvili;Girl;Sunny;Male;Yes;Winston;Yes;2
422;29.07.2026;18:00;21:00;Sarajishvili;Girl;Sunny;Male;No;Parlament;Yes;1
423;29.07.2026;18:00;21:00;Guramishvili;Girl;Sunny;Male;Yes;Winston;Yes;1
424;29.07.2026;18:00;21:00;Guramishvili;Girl;Sunny;Male;Yes;Marlboro;Yes;1
425;29.07.2026;18:00;21:00;Guramishvili;Girl;Sunny;Male;Yes;Parlament;Yes;2
426;29.07.2026;18:00;21:00;Guramishvili;Girl;Sunny;Male;Yes;Winston;Yes;1
427;29.07.2026;18:00;21:00;Guramishvili;Girl;Sunny;Male;Yes;Winston;Yes;1
428;29.07.2026;18:00;21:00;Grmagele;Girl;Sunny;Male;No;Parlament;Yes;1
429;29.07.2026;18:00;21:00;Grmagele;Girl;Sunny;Male;No;Pirveli;Yes;1
430;29.07.2026;18:00;21:00;Grmagele;Girl;Sunny;Male;No;Camel;Yes;1
431;29.07.2026;18:00;21:00;Grmagele;Girl;Sunny;Male;No;Marlboro;Yes;1
432;29.07.2026;18:00;21:00;Grmagele;Girl;Sunny;Male;Yes;Camel;Yes;1
433;29.07.2026;18:00;21:00;Grmagele;Girl;Sunny;Male;Yes;Camel;Yes;1
434;29.07.2026;18:00;21:00;Grmagele;Girl;Sunny;Male;No;Parlament;Yes;1
435;29.07.2026;18:00;21:00;Grmagele;Girl;Sunny;Male;Yes;UNKNOWN;No;0
436;29.07.2026;18:00;21:00;Grmagele;Girl;Sunny;Male;No;Pirveli;Yes;2
437;29.07.2026;18:00;21:00;Grmagele;Girl;Sunny;Male;Yes;UNKNOWN;No;0
438;29.07.2026;18:00;21:00;Grmagele;Girl;Sunny;Male;Yes;UNKNOWN;No;0
439;29.07.2026;18:00;21:00;Nadzaladevi;Girl;Sunny;Male;No;tobaco;Yes;1
440;29.07.2026;18:00;21:00;Nadzaladevi;Girl;Sunny;Male;Yes;Parlament;Yes;1
441;29.07.2026;18:00;21:00;Nadzaladevi;Girl;Sunny;Male;No;Pirveli;Yes;1
442;29.07.2026;18:00;21:00;Nadzaladevi;Girl;Sunny;Male;Yes;Parlament;Yes;1
443;29.07.2026;18:00;21:00;Nadzaladevi;Girl;Sunny;Male;Yes;Camel;Yes;1
444;29.07.2026;18:00;21:00;Nadzaladevi;Girl;Sunny;Male;No;Parlament;Yes;2
445;29.07.2026;18:00;21:00;Nadzaladevi;Girl;Sunny;Male;No;Parlament;Yes;2
446;29.07.2026;18:00;21:00;Nadzaladevi;Girl;Sunny;Male;Yes;Parlament;Yes;1
447;29.07.2026;18:00;21:00;Nadzaladevi;Girl;Sunny;Male;Yes;UNKNOWN;No;0
448;29.07.2026;18:00;21:00;Nadzaladevi;Girl;Sunny;Male;Yes;tobaco;Yes;1
449;29.07.2026;18:00;21:00;Nadzaladevi;Girl;Sunny;Male;Yes;Parlament;Yes;2
450;29.07.2026;18:00;21:00;Nadzaladevi;Girl;Sunny;Male;Yes;UNKNOWN;No;0
